{"cameraMode":{"drawMode":0,"name":"Shaded","section":"Shading Mode"},"sceneLighting":true,"audioPlay":false,"sceneViewState":{"m_AlwaysRefresh":false,"showFog":true,"showSkybox":true,"showFlares":true,"showImageEffects":true,"showParticleSystems":true,"showVisualEffectGraphs":true,"m_FxEnabled":true},"in2DMode":false,"pivot":{"x":0.7585422992706299,"y":3.3106703758239748,"z":-7.100079536437988},"rotation":{"x":0.04500577226281166,"y":0.9107769131660461,"z":-0.10318288952112198,"w":0.39726153016090395},"size":8.712862014770508,"orthographic":false}